<?xml version="1.0" encoding="utf-16"?>
<ArrayOfCategory xmlns:xsd="http://www.w3.org/2001/XMLSchema" xmlns:xsi="http://www.w3.org/2001/XMLSchema-instance">
  <Category>
    <Identity>
      <Id>E90C267DA7A04EB195D9F50B22152D18</Id>
      <AutomaticallyPopulate>true</AutomaticallyPopulate>
      <Name>Troubleshooting</Name>
    </Identity>
    <Description>Troubleshooting</Description>
    <ResourceAccessList>
      <ResourceAccess>
        <ResourceIdentity>
          <Id>7DF43CCDF24611D2804B00104B71BD15</Id>
          <AutomaticallyPopulate>true</AutomaticallyPopulate>
          <Name>Everyone</Name>
          <ResourceType>GroupOfWorkers</ResourceType>
          <EmailAddress />
          <UserId />
        </ResourceIdentity>
        <AccessType>MaintenanceAccess</AccessType>
        <PermissionType>FullControl</PermissionType>
      </ResourceAccess>
    </ResourceAccessList>
    <LastModifiedDate>2020-07-10T17:21:57.503</LastModifiedDate>
    <LastModifiedUser>7E16FF7223A147D1AA147CE6D011730C</LastModifiedUser>
    <LastModifiedUserName />
  </Category>
</ArrayOfCategory>