<processmaps xmlns:dt="urn:schemas-microsoft-com:datatypes" dbversion="7.501000" parentprocessmapversion="1.000000" parentprocessmapid="06CA162341D545E7BFDE1F265CF12A5F"><projectlist><project><projectid>B877AC9AA61C49A9867B338B4CA35011</projectid><name>RegFreeDllExample</name><version>8</version><description></description><status>1</status><categoryid>E90C267DA7A04EB195D9F50B22152D18</categoryid><lastmodifiedprojectfile>2023-04-03T18:18:11</lastmodifiedprojectfile><lastmodifiedprojectfolder>2023-04-03T18:18:11</lastmodifiedprojectfolder><lastmodifieduser>43D41D0102D04C59A6D3D9324072A9F2</lastmodifieduser><onlinelearningfolderid></onlinelearningfolderid><projecttype>0</projecttype><isonlinelearningenabled>0</isonlinelearningenabled><isseparationenabled>0</isseparationenabled><lockedbymodule>0</lockedbymodule><issimpleproject>0</issimpleproject><trainingsetpath></trainingsetpath><usedlicensefeatures>0</usedlicensefeatures><configurationset>&lt;?xml version="1.0" encoding="utf-8"?&gt;
&lt;ConfigSetFile xmlns:xsi="http://www.w3.org/2001/XMLSchema-instance" xmlns:xsd="http://www.w3.org/2001/XMLSchema"&gt;
  &lt;Name&gt;DefaultTAConfigSet&lt;/Name&gt;
  &lt;Groups&gt;
    &lt;ConfigSetGroup&gt;
      &lt;Name&gt;OnlineLearning&lt;/Name&gt;
      &lt;Objects /&gt;
      &lt;Properties&gt;
        &lt;ConfigSetProperty&gt;
          &lt;Name&gt;Path&lt;/Name&gt;
          &lt;Value /&gt;
          &lt;Index&gt;0&lt;/Index&gt;
        &lt;/ConfigSetProperty&gt;
      &lt;/Properties&gt;
    &lt;/ConfigSetGroup&gt;
  &lt;/Groups&gt;
&lt;/ConfigSetFile&gt;</configurationset><isreadonly>0</isreadonly><doupgrade>0</doupgrade><customversion>0</customversion></project></projectlist><webservices></webservices><projectlist><project><projectid>B877AC9AA61C49A9867B338B4CA35011</projectid><name>RegFreeDllExample</name><version>8</version><description></description><status>1</status><categoryid>E90C267DA7A04EB195D9F50B22152D18</categoryid><lastmodifiedprojectfile>2023-04-03T18:18:11</lastmodifiedprojectfile><lastmodifiedprojectfolder>2023-04-03T18:18:11</lastmodifiedprojectfolder><lastmodifieduser>43D41D0102D04C59A6D3D9324072A9F2</lastmodifieduser><onlinelearningfolderid></onlinelearningfolderid><projecttype>0</projecttype><isonlinelearningenabled>0</isonlinelearningenabled><isseparationenabled>0</isseparationenabled><lockedbymodule>0</lockedbymodule><issimpleproject>0</issimpleproject><trainingsetpath></trainingsetpath><usedlicensefeatures>0</usedlicensefeatures><configurationset>&lt;?xml version="1.0" encoding="utf-8"?&gt;
&lt;ConfigSetFile xmlns:xsi="http://www.w3.org/2001/XMLSchema-instance" xmlns:xsd="http://www.w3.org/2001/XMLSchema"&gt;
  &lt;Name&gt;DefaultTAConfigSet&lt;/Name&gt;
  &lt;Groups&gt;
    &lt;ConfigSetGroup&gt;
      &lt;Name&gt;OnlineLearning&lt;/Name&gt;
      &lt;Objects /&gt;
      &lt;Properties&gt;
        &lt;ConfigSetProperty&gt;
          &lt;Name&gt;Path&lt;/Name&gt;
          &lt;Value /&gt;
          &lt;Index&gt;0&lt;/Index&gt;
        &lt;/ConfigSetProperty&gt;
      &lt;/Properties&gt;
    &lt;/ConfigSetGroup&gt;
  &lt;/Groups&gt;
&lt;/ConfigSetFile&gt;</configurationset><isreadonly>0</isreadonly><doupgrade>0</doupgrade><customversion>0</customversion></project></projectlist><processmap><procdata><mapid>06CA162341D545E7BFDE1F265CF12A5F</mapid><mapname>RegFreeTransformationDllTest</mapname><mapauthor>kofax</mapauthor><mapauthorid>43D41D0102D04C59A6D3D9324072A9F2</mapauthorid><maptrackstorejvh>0</maptrackstorejvh><helptext></helptext><lastmodified>43D41D0102D04C59A6D3D9324072A9F2</lastmodified><allocationalgorithm>0</allocationalgorithm><arrowstyle>0</arrowstyle><arrowweighting>0</arrowweighting><designtimesettings>&lt;designtimesettings&gt;&lt;annotations /&gt;&lt;attachments /&gt;&lt;collaborationnodes /&gt;&lt;groupartifacts /&gt;&lt;pools&gt;&lt;pool&gt;&lt;xposition&gt;25&lt;/xposition&gt;&lt;yposition&gt;25&lt;/yposition&gt;&lt;width&gt;1636&lt;/width&gt;&lt;height&gt;693.6&lt;/height&gt;&lt;name&gt;New Process&lt;/name&gt;&lt;id&gt;990A5EB151984CCC85FCD6DD17025B71&lt;/id&gt;&lt;type&gt;0&lt;/type&gt;&lt;lanes&gt;&lt;lane&gt;&lt;name&gt;Lane1&lt;/name&gt;&lt;index&gt;0&lt;/index&gt;&lt;poolid&gt;990A5EB151984CCC85FCD6DD17025B71&lt;/poolid&gt;&lt;height&gt;693.6&lt;/height&gt;&lt;/lane&gt;&lt;/lanes&gt;&lt;/pool&gt;&lt;/pools&gt;&lt;messageflows /&gt;&lt;layoutdirection&gt;Horizontal&lt;/layoutdirection&gt;&lt;layouttype&gt;ProcessTree&lt;/layouttype&gt;&lt;zoomfactor&gt;100&lt;/zoomfactor&gt;&lt;viewactivitycost&gt;False&lt;/viewactivitycost&gt;&lt;viewactivityduration&gt;False&lt;/viewactivityduration&gt;&lt;viewactivityresources&gt;False&lt;/viewactivityresources&gt;&lt;viewgroups&gt;False&lt;/viewgroups&gt;&lt;viewpools&gt;False&lt;/viewpools&gt;&lt;compatiblewithallcasedefversions&gt;0&lt;/compatiblewithallcasedefversions&gt;&lt;startnodes&gt;&lt;startnode&gt;&lt;designtimesettings&gt;&lt;xposition&gt;50&lt;/xposition&gt;&lt;yposition&gt;65&lt;/yposition&gt;&lt;width&gt;30&lt;/width&gt;&lt;height&gt;30&lt;/height&gt;&lt;inheritcolorfromsystem&gt;False&lt;/inheritcolorfromsystem&gt;&lt;colour&gt;#FF62A716&lt;/colour&gt;&lt;eventtype&gt;Default&lt;/eventtype&gt;&lt;name&gt;Start&lt;/name&gt;&lt;textposition&gt;CentreRight&lt;/textposition&gt;&lt;lane&gt;&lt;name&gt;Lane1&lt;/name&gt;&lt;index&gt;0&lt;/index&gt;&lt;poolid&gt;990A5EB151984CCC85FCD6DD17025B71&lt;/poolid&gt;&lt;height&gt;693.6&lt;/height&gt;&lt;/lane&gt;&lt;annotations /&gt;&lt;attachments /&gt;&lt;/designtimesettings&gt;&lt;/startnode&gt;&lt;/startnodes&gt;&lt;redraw&gt;False&lt;/redraw&gt;&lt;/designtimesettings&gt;</designtimesettings><attachments></attachments><annotations></annotations><formsections></formsections><form></form><categoryid>E90C267DA7A04EB195D9F50B22152D18</categoryid><targetdays>0</targetdays><targethours>0</targethours><targetmins>0</targetmins><targetsecs>0</targetsecs><priority>1</priority><transactional>0</transactional><backgroundcolour>0</backgroundcolour><version>1.000000</version><cost>0.000000</cost><creationdate>2023-04-03T18:32:01</creationdate><changedate>2023-04-03T18:36:36</changedate><description></description><status>2</status><newmap>0</newmap><archivefinishedjobs>1</archivefinishedjobs><straightthrough>0</straightthrough><poolid>0</poolid><dynexpfinishtimevar></dynexpfinishtimevar><mapmilestonesrvstdtag /><mapmilestonescopetag>0</mapmilestonescopetag><mapmilestonetag /><dynamicbudget></dynamicbudget><budget>0.000000</budget><processtype>0</processtype><processtypestring>BusinessProcess</processtypestring><associatedcaseid></associatedcaseid><associatedcase></associatedcase><prefixvariable>0</prefixvariable><completioneventmapid></completioneventmapid><completioneventmapname></completioneventmapname><assocjobsoncompletion>0</assocjobsoncompletion><sendemail>0</sendemail><emailto>0</emailto><subjecttext></subjecttext><subjectvar></subjectvar><contenttext></contenttext><contentvar></contentvar><urltext></urltext><urlvar></urlvar><appendassocfile>0</appendassocfile><initialisationvariables><initialisationvariable><varname>FOLDER</varname></initialisationvariable></initialisationvariables><outputvariables /><maintenanceaccess><resource><resourcetype>0</resourcetype><resourcename>Everyone</resourcename><resourceid>7DF43CCDF24611D2804B00104B71BD15</resourceid><serverid>55FCE43DC8E15B49902737F86E63183C</serverid><unavailability>Default</unavailability><accesstype>0</accesstype><seqassignorder>0</seqassignorder><excluded>0</excluded></resource></maintenanceaccess><creationaccess><resource><resourcetype>0</resourcetype><resourcename>Everyone</resourcename><resourceid>7DF43CCDF24611D2804B00104B71BD15</resourceid><serverid>55FCE43DC8E15B49902737F86E63183C</serverid><unavailability>Default</unavailability><accesstype>0</accesstype><seqassignorder>0</seqassignorder><excluded>0</excluded></resource></creationaccess><suspendaccess><resource><resourcetype>0</resourcetype><resourcename>Everyone</resourcename><resourceid>7DF43CCDF24611D2804B00104B71BD15</resourceid><serverid>55FCE43DC8E15B49902737F86E63183C</serverid><unavailability>Default</unavailability><accesstype>0</accesstype><seqassignorder>0</seqassignorder><excluded>0</excluded></resource></suspendaccess><terminateaccess><resource><resourcetype>0</resourcetype><resourcename>Everyone</resourcename><resourceid>7DF43CCDF24611D2804B00104B71BD15</resourceid><serverid>55FCE43DC8E15B49902737F86E63183C</serverid><unavailability>Default</unavailability><accesstype>0</accesstype><seqassignorder>0</seqassignorder><excluded>0</excluded></resource></terminateaccess><restartaccess><resource><resourcetype>0</resourcetype><resourcename>Everyone</resourcename><resourceid>7DF43CCDF24611D2804B00104B71BD15</resourceid><serverid>55FCE43DC8E15B49902737F86E63183C</serverid><unavailability>Default</unavailability><accesstype>0</accesstype><seqassignorder>0</seqassignorder><excluded>0</excluded></resource></restartaccess><holdaccess><resource><resourcetype>0</resourcetype><resourcename>Everyone</resourcename><resourceid>7DF43CCDF24611D2804B00104B71BD15</resourceid><serverid>55FCE43DC8E15B49902737F86E63183C</serverid><unavailability>Default</unavailability><accesstype>0</accesstype><seqassignorder>0</seqassignorder><excluded>0</excluded></resource></holdaccess><customiseaccess /><jobdetailviewaccess><resource><resourcetype>0</resourcetype><resourcename>Everyone</resourcename><resourceid>7DF43CCDF24611D2804B00104B71BD15</resourceid><serverid>55FCE43DC8E15B49902737F86E63183C</serverid><unavailability>Default</unavailability><accesstype>0</accesstype><seqassignorder>0</seqassignorder><excluded>0</excluded></resource></jobdetailviewaccess><scanvrsprofileaccess><resource><resourcetype>0</resourcetype><resourcename>Everyone</resourcename><resourceid>7DF43CCDF24611D2804B00104B71BD15</resourceid><serverid>55FCE43DC8E15B49902737F86E63183C</serverid><unavailability>Default</unavailability><accesstype>0</accesstype><seqassignorder>0</seqassignorder><excluded>0</excluded></resource></scanvrsprofileaccess><separationprofileaccess><resource><resourcetype>0</resourcetype><resourcename>Everyone</resourcename><resourceid>7DF43CCDF24611D2804B00104B71BD15</resourceid><serverid>55FCE43DC8E15B49902737F86E63183C</serverid><unavailability>Default</unavailability><accesstype>0</accesstype><seqassignorder>0</seqassignorder><excluded>0</excluded></resource></separationprofileaccess><updatedocumentcontaineraccess><resource><resourcetype>0</resourcetype><resourcename>Everyone</resourcename><resourceid>7DF43CCDF24611D2804B00104B71BD15</resourceid><serverid>55FCE43DC8E15B49902737F86E63183C</serverid><unavailability>Default</unavailability><accesstype>0</accesstype><seqassignorder>0</seqassignorder><excluded>0</excluded></resource></updatedocumentcontaineraccess><defaultusableresources><resource><resourcetype>3</resourcetype><resourcename>Everyone</resourcename><resourceid>7DF43CCDF24611D2804B00104B71BD15</resourceid><serverid>55FCE43DC8E15B49902737F86E63183C</serverid><unavailability>Default</unavailability><accesstype>0</accesstype><seqassignorder>0</seqassignorder><excluded>0</excluded></resource></defaultusableresources><exceptions><exception><exceptioncode>EXP0004</exceptioncode><processmapid /><processmapname /><description>Invoked when the cost of job exceeds the expected value.</description><version>0.000000</version><serveronly>0</serveronly></exception><exception><exceptioncode>EXP0005</exceptioncode><processmapid /><processmapname /><description>Invoked when a job exceeds its expected duration.</description><version>0.000000</version><serveronly>0</serveronly></exception><exception><exceptioncode>EXP0006</exceptioncode><processmapid /><processmapname /><description>Invoked when an activity exceeds its expected duration.</description><version>0.000000</version><serveronly>0</serveronly></exception><exception><exceptioncode>EXP0009</exceptioncode><processmapid /><processmapname /><description>Invoked when a Script Object fails to execute automatically.</description><version>0.000000</version><serveronly>0</serveronly></exception><exception><exceptioncode>EXP0010</exceptioncode><processmapid /><processmapname /><description>Invoked when a process is stalled.</description><version>0.000000</version><serveronly>0</serveronly></exception><exception><exceptioncode>EXP0013</exceptioncode><processmapid /><processmapname /><description>Invoked when an activity crosses the due date.</description><version>0.000000</version><serveronly>0</serveronly></exception><exception><exceptioncode>EXP0017</exceptioncode><processmapid /><processmapname /><description>Invoked when synchronous processing fails.</description><version>0.000000</version><serveronly>0</serveronly></exception><exception><exceptioncode>EXP0018</exceptioncode><processmapid /><processmapname /><description>Invoked when no usable resource is assigned to an activity.</description><version>0.000000</version><serveronly>0</serveronly></exception><exception><exceptioncode>EXP0019</exceptioncode><processmapid /><processmapname /><description>Invoked when a .NET object fails to execute.</description><version>0.000000</version><serveronly>0</serveronly></exception><exception><exceptioncode>EXP0020</exceptioncode><processmapid /><processmapname /><description>Invoked when a Web Service object fails to execute.</description><version>0.000000</version><serveronly>0</serveronly></exception><exception><exceptioncode>EXP0022</exceptioncode><processmapid /><processmapname /><description>Invoked when a C# Script activity fails to execute when running automatically.</description><version>0.000000</version><serveronly>0</serveronly></exception><exception><exceptioncode>EXP0023</exceptioncode><processmapid /><processmapname /><description>Invoked when a VB .NET Script activity fails to execute.</description><version>0.000000</version><serveronly>0</serveronly></exception><exception><exceptioncode>EXP0025</exceptioncode><processmapid /><processmapname /><description>Invoked when a Data Access activity fails to execute.</description><version>0.000000</version><serveronly>0</serveronly></exception><exception><exceptioncode>EXP0027</exceptioncode><processmapid /><processmapname /><description>Invoked when a Synchronization activity fails to execute.</description><version>0.000000</version><serveronly>0</serveronly></exception><exception><exceptioncode>EXP0036</exceptioncode><processmapid /><processmapname /><description>Invoked when the transfer of documents to another server fails to execute.</description><version>0.000000</version><serveronly>0</serveronly></exception></exceptions><states /><milestones /><bpescalations /><mapvirtualfolders><virtualfolderstructure></virtualfolderstructure><indexdatacollection /><mapvirtualfolderstructure></mapvirtualfolderstructure></mapvirtualfolders><serverid>55FCE43DC8E15B49902737F86E63183C</serverid><xmlexpressionlist /><ragstatus><amberthreshold>0</amberthreshold><redthreshold>0</redthreshold><blackthreshold>0</blackthreshold><purplethreshold>0</purplethreshold></ragstatus><casedefcomruntime_data /><archivetopi>0</archivetopi><runtime_settings>0</runtime_settings><process_owner_id></process_owner_id><score_rule /><map_valid_from /><map_valid_to /><captureenabled>1</captureenabled><iscaptureprocess>1</iscaptureprocess><reportingtag></reportingtag><settingsxml>&lt;?xml version="1.0" encoding="utf-16"?&gt;
&lt;BusinessProcessSettings xmlns:xsd="http://www.w3.org/2001/XMLSchema" xmlns:xsi="http://www.w3.org/2001/XMLSchema-instance"&gt;
  &lt;CaptureProcessSettings&gt;
    &lt;ClassificationGroup&gt;
      &lt;Id&gt;B877AC9AA61C49A9867B338B4CA35011&lt;/Id&gt;
      &lt;Version&gt;0&lt;/Version&gt;
      &lt;Name&gt;RegFreeDllExample&lt;/Name&gt;
    &lt;/ClassificationGroup&gt;
    &lt;ScanVrsProfiles&gt;
      &lt;ScanVrsProfileIdentity&gt;
        &lt;Id&gt;C525FA863EB74348961543C740ED00A0&lt;/Id&gt;
        &lt;Name&gt;Default&lt;/Name&gt;
      &lt;/ScanVrsProfileIdentity&gt;
    &lt;/ScanVrsProfiles&gt;
    &lt;SeparationProfile /&gt;
    &lt;DefaultScanVrsProfile&gt;
      &lt;Id&gt;C525FA863EB74348961543C740ED00A0&lt;/Id&gt;
      &lt;Name&gt;Default&lt;/Name&gt;
    &lt;/DefaultScanVrsProfile&gt;
    &lt;DocConversionProfiles /&gt;
    &lt;DefaultDocConversionProfile /&gt;
    &lt;SaveScannedImageAsPageRendition&gt;false&lt;/SaveScannedImageAsPageRendition&gt;
    &lt;PageRendition&gt;0&lt;/PageRendition&gt;
    &lt;PdfTextExtractionMode&gt;0&lt;/PdfTextExtractionMode&gt;
    &lt;AllowRotateReorderImportedImages&gt;true&lt;/AllowRotateReorderImportedImages&gt;
    &lt;AllowSplitMergeDeleteImportedDocument&gt;true&lt;/AllowSplitMergeDeleteImportedDocument&gt;
    &lt;PdfTextWordSeparationChars&gt;/:()-#&lt;/PdfTextWordSeparationChars&gt;
  &lt;/CaptureProcessSettings&gt;
  &lt;RetentionPolicySettings&gt;
    &lt;KeepForever&gt;true&lt;/KeepForever&gt;
    &lt;RetentionPolicyDuration&gt;
      &lt;Years&gt;1&lt;/Years&gt;
      &lt;Months&gt;0&lt;/Months&gt;
      &lt;Days&gt;0&lt;/Days&gt;
      &lt;Hours&gt;0&lt;/Hours&gt;
      &lt;Minutes&gt;0&lt;/Minutes&gt;
    &lt;/RetentionPolicyDuration&gt;
  &lt;/RetentionPolicySettings&gt;
  &lt;MaximumLoopCount&gt;0&lt;/MaximumLoopCount&gt;
&lt;/BusinessProcessSettings&gt;</settingsxml><associateddotnetreferences /><processnotes /><cnjformidentity><id>219AEB90D395465E8BA79AF2A620F274</id><name>RegFreeTransformationDllTest_Scan</name></cnjformidentity><hasdocumentcontainer>0</hasdocumentcontainer></procdata><entitylist></entitylist><variableslist><variable><varname>FOLDER</varname><vartype>32759</vartype><varvalue>&lt;?xml version="1.0" encoding="utf-16"?&gt;
&lt;FolderVariableValue xmlns:xsi="http://www.w3.org/2001/XMLSchema-instance" xmlns:xsd="http://www.w3.org/2001/XMLSchema"&gt;
  &lt;FolderType&gt;0BA56967F1FC42EC89758D4674149019&lt;/FolderType&gt;
  &lt;FolderName&gt;Default Folder&lt;/FolderName&gt;
  &lt;InstanceId /&gt;
&lt;/FolderVariableValue&gt;</varvalue><dynamic>0</dynamic><used_in_skin>0</used_in_skin><entityid>4FEE4E069417475DAC5D2C2E5C95CA49</entityid><entityname>Default Data Grouping</entityname><vardisplayname>Folder</vardisplayname><variablemembers /></variable></variableslist><roleslist /><processeventlist><processevent><eventname>SCANNED</eventname><eventdescription>Scanned event.</eventdescription></processevent></processeventlist><nodelist><node><nodetype>109</nodetype><nodedata><processid>06CA162341D545E7BFDE1F265CF12A5F</processid><version>1.000000</version><nodeid>1</nodeid><isstartnode>1</isstartnode><nodetype>109</nodetype><designtimetype>109</designtimetype><activationprobability>100</activationprobability><embeddedname></embeddedname><state /><statescope>0</statescope><activitymilestone></activitymilestone><activitymilestonescope>0</activitymilestonescope><activitypendmilestone></activitypendmilestone><activitypendmilestonescope>0</activitypendmilestonescope><activitydonemilestone></activitydonemilestone><activitydonemilestonescope>0</activitydonemilestonescope><nodependevent /><nodependeventscope>0</nodependeventscope><nodedoneevent /><nodedoneeventscope>0</nodedoneeventscope><titleposno>5</titleposno><embeddedproccount>0</embeddedproccount><iscustomnode>0</iscustomnode><designtimesettings>&lt;designtimesettings&gt;&lt;xposition&gt;136&lt;/xposition&gt;&lt;yposition&gt;50&lt;/yposition&gt;&lt;width&gt;90&lt;/width&gt;&lt;height&gt;60&lt;/height&gt;&lt;inheritcolorfromsystem&gt;True&lt;/inheritcolorfromsystem&gt;&lt;colour&gt;#FF78BE83&lt;/colour&gt;&lt;textposition&gt;Centre&lt;/textposition&gt;&lt;lane&gt;&lt;name&gt;Lane1&lt;/name&gt;&lt;index&gt;0&lt;/index&gt;&lt;poolid&gt;990A5EB151984CCC85FCD6DD17025B71&lt;/poolid&gt;&lt;height&gt;693.6&lt;/height&gt;&lt;/lane&gt;&lt;annotations /&gt;&lt;attachments /&gt;&lt;resourcenotes /&gt;&lt;/designtimesettings&gt;</designtimesettings><attachments></attachments><annotations></annotations><dependants /><destinationnodes><destinationnode><nodeid>2</nodeid><nodetype>28</nodetype></destinationnode></destinationnodes><originnodes /><branchingrules /><runtimesettings>0</runtimesettings></nodedata><activitydata><inputvariables><inputvariable><varid>FOLDER</varid></inputvariable></inputvariables><outputvariables /><requiredresources /><usableresources /><dynamicresourcesdata><overwriteusableresources>0</overwriteusableresources><dynamicresourcesvariables /></dynamicresourcesdata><targettime>0</targettime><delaytime>0</delaytime><expectedcost>0.000000</expectedcost><securitylevel>10</securitylevel><skilllevel>10</skilllevel><useprevioususer>0</useprevioususer><tasktype>109</tasktype><priority>1</priority><automatic>1</automatic><trackstorejvh>0</trackstorejvh><usesameasprevious>0</usesameasprevious><taskid>0</taskid><usesameasprevioustype>0</usesameasprevioustype><fixedcost>0.000000</fixedcost><taskname>Tranformation</taskname><resourceid /><createdby>43D41D0102D04C59A6D3D9324072A9F2</createdby><purpose></purpose><description></description><script></script><processid /><creationdate>2023-04-03T18:37:54.53469</creationdate><transactionalinfo /><createnewjobinfo><cnjprocessid></cnjprocessid><initparams></initparams><outputs></outputs><varid></varid><jobtype>0</jobtype><reftype>0</reftype></createnewjobinfo><scriptprogid></scriptprogid><preloadscript>1</preloadscript><assocfile></assocfile><designinfo /><sleepinfo>0</sleepinfo><jobowneridinfo></jobowneridinfo><jobownervaridinfo></jobownervaridinfo><negativelagtime>0</negativelagtime><dynduedate>0</dynduedate><dynduedatevar /><dyntargetdurationvar /><sendemail>0</sendemail><emailto>0</emailto><subjecttext></subjecttext><subjectvar></subjectvar><contenttext></contenttext><contentvar></contentvar><urltext></urltext><urlvar></urlvar><appendassocfile>0</appendassocfile><dotnet /><webservice /><activityinfo><useadvworkflowrules>0</useadvworkflowrules><seqactivityassignment>0</seqactivityassignment><concuractivityaccess>0</concuractivityaccess><noofusableresourcesreq>0</noofusableresourcesreq><exitcondition></exitcondition><expandgroups>0</expandgroups><noofusableresourcesreqvarid /></activityinfo><categoryid>E90C267DA7A04EB195D9F50B22152D18</categoryid><poolid>1</poolid><activityruntimesettings>0</activityruntimesettings><activityragamberthreshold>0</activityragamberthreshold><activityragredthreshold>0</activityragredthreshold><activityragblackthreshold>0</activityragblackthreshold><activityragpurplethreshold>0</activityragpurplethreshold><form /><xmldata /><dataaccess /><getresourceinfo /><jobvariableinfo /><baminfo /><bpescalations /><preconditionslist /><preconditiontext></preconditiontext><startmethod></startmethod><classnamespace></classnamespace><settingsxml>&lt;?xml version="1.0" encoding="utf-16"?&gt;
&lt;CompositeCaptureActivitySettings xmlns:xsd="http://www.w3.org/2001/XMLSchema" xmlns:xsi="http://www.w3.org/2001/XMLSchema-instance"&gt;
  &lt;Actions&gt;
    &lt;Action&gt;
      &lt;Name&gt;Cls&lt;/Name&gt;
      &lt;Type&gt;SeparationClassificationCapture&lt;/Type&gt;
      &lt;ImageProcessingActivitySettings&gt;
        &lt;ConvertPageImagesToTiff&gt;true&lt;/ConvertPageImagesToTiff&gt;
        &lt;GenerateImageThumbnails&gt;true&lt;/GenerateImageThumbnails&gt;
        &lt;RenditionLevel&gt;Process&lt;/RenditionLevel&gt;
        &lt;BackupInputImageAsPageRendition&gt;false&lt;/BackupInputImageAsPageRendition&gt;
        &lt;PageRendition&gt;0&lt;/PageRendition&gt;
      &lt;/ImageProcessingActivitySettings&gt;
      &lt;SeparationClassificationCaptureActivitySettings&gt;
        &lt;ClassificationGroup&gt;
          &lt;Id&gt;B877AC9AA61C49A9867B338B4CA35011&lt;/Id&gt;
          &lt;Version&gt;0&lt;/Version&gt;
          &lt;Name&gt;RegFreeDllExample&lt;/Name&gt;
        &lt;/ClassificationGroup&gt;
        &lt;ProcessLevel&gt;true&lt;/ProcessLevel&gt;
        &lt;ClassificationGroupLevel&gt;Process&lt;/ClassificationGroupLevel&gt;
      &lt;/SeparationClassificationCaptureActivitySettings&gt;
    &lt;/Action&gt;
    &lt;Action&gt;
      &lt;Name&gt;Ex&lt;/Name&gt;
      &lt;Type&gt;ExtractionCapture&lt;/Type&gt;
      &lt;ImageProcessingActivitySettings&gt;
        &lt;ConvertPageImagesToTiff&gt;true&lt;/ConvertPageImagesToTiff&gt;
        &lt;GenerateImageThumbnails&gt;true&lt;/GenerateImageThumbnails&gt;
        &lt;RenditionLevel&gt;Process&lt;/RenditionLevel&gt;
        &lt;BackupInputImageAsPageRendition&gt;false&lt;/BackupInputImageAsPageRendition&gt;
        &lt;PageRendition&gt;0&lt;/PageRendition&gt;
      &lt;/ImageProcessingActivitySettings&gt;
      &lt;SeparationClassificationCaptureActivitySettings&gt;
        &lt;ProcessLevel xsi:nil="true" /&gt;
        &lt;ClassificationGroupLevel&gt;None&lt;/ClassificationGroupLevel&gt;
      &lt;/SeparationClassificationCaptureActivitySettings&gt;
    &lt;/Action&gt;
  &lt;/Actions&gt;
  &lt;RenditionLevel&gt;Process&lt;/RenditionLevel&gt;
  &lt;BackupInputImageAsPageRendition&gt;false&lt;/BackupInputImageAsPageRendition&gt;
  &lt;PageRendition&gt;0&lt;/PageRendition&gt;
&lt;/CompositeCaptureActivitySettings&gt;</settingsxml><resetlimit>-1</resetlimit><activitytimedoutaction>0</activitytimedoutaction><suspendreasontext></suspendreasontext><suspendreasonvarid></suspendreasonvarid></activitydata></node><node><nodetype>28</nodetype><nodedata><processid>06CA162341D545E7BFDE1F265CF12A5F</processid><version>1.000000</version><nodeid>2</nodeid><isstartnode>0</isstartnode><nodetype>28</nodetype><designtimetype>28</designtimetype><activationprobability>100</activationprobability><embeddedname></embeddedname><state /><statescope>0</statescope><activitymilestone></activitymilestone><activitymilestonescope>0</activitymilestonescope><activitypendmilestone></activitypendmilestone><activitypendmilestonescope>0</activitypendmilestonescope><activitydonemilestone></activitydonemilestone><activitydonemilestonescope>0</activitydonemilestonescope><nodependevent /><nodependeventscope>0</nodependeventscope><nodedoneevent /><nodedoneeventscope>0</nodedoneeventscope><titleposno>5</titleposno><embeddedproccount>0</embeddedproccount><iscustomnode>0</iscustomnode><designtimesettings>&lt;designtimesettings&gt;&lt;xposition&gt;282&lt;/xposition&gt;&lt;yposition&gt;50&lt;/yposition&gt;&lt;width&gt;90&lt;/width&gt;&lt;height&gt;60&lt;/height&gt;&lt;inheritcolorfromsystem&gt;True&lt;/inheritcolorfromsystem&gt;&lt;colour&gt;#FF7AADCC&lt;/colour&gt;&lt;textposition&gt;Centre&lt;/textposition&gt;&lt;lane&gt;&lt;name&gt;Lane1&lt;/name&gt;&lt;index&gt;0&lt;/index&gt;&lt;poolid&gt;990A5EB151984CCC85FCD6DD17025B71&lt;/poolid&gt;&lt;height&gt;693.6&lt;/height&gt;&lt;/lane&gt;&lt;annotations /&gt;&lt;attachments /&gt;&lt;resourcenotes /&gt;&lt;/designtimesettings&gt;</designtimesettings><attachments></attachments><annotations></annotations><dependants /><destinationnodes><destinationnode><nodeid>3</nodeid><nodetype>6</nodetype></destinationnode></destinationnodes><originnodes><originnode><nodeid>1</nodeid><nodetype>28</nodetype></originnode></originnodes><branchingrules /><runtimesettings>0</runtimesettings></nodedata><activitydata><inputvariables><inputvariable><varid>FOLDER</varid></inputvariable></inputvariables><outputvariables /><requiredresources /><usableresources><resource><resourcetype>3</resourcetype><resourcename>Everyone</resourcename><resourceid>7DF43CCDF24611D2804B00104B71BD15</resourceid><serverid>55FCE43DC8E15B49902737F86E63183C</serverid><unavailability>Default</unavailability><accesstype>0</accesstype><seqassignorder>0</seqassignorder><excluded>0</excluded></resource></usableresources><dynamicresourcesdata><overwriteusableresources>0</overwriteusableresources><dynamicresourcesvariables /></dynamicresourcesdata><targettime>0</targettime><delaytime>0</delaytime><expectedcost>0.000000</expectedcost><securitylevel>10</securitylevel><skilllevel>10</skilllevel><useprevioususer>0</useprevioususer><tasktype>30</tasktype><priority>1</priority><automatic>0</automatic><trackstorejvh>0</trackstorejvh><usesameasprevious>0</usesameasprevious><taskid>0</taskid><usesameasprevioustype>0</usesameasprevioustype><fixedcost>0.000000</fixedcost><taskname>Validation</taskname><resourceid /><createdby>43D41D0102D04C59A6D3D9324072A9F2</createdby><purpose></purpose><description></description><script></script><processid /><creationdate>2023-04-03T18:37:54.54369</creationdate><transactionalinfo /><createnewjobinfo><cnjprocessid></cnjprocessid><initparams></initparams><outputs></outputs><varid></varid><jobtype>0</jobtype><reftype>0</reftype></createnewjobinfo><scriptprogid></scriptprogid><preloadscript>1</preloadscript><assocfile>RegFreeTransformationDllTest_Validation_Validation.form</assocfile><designinfo /><sleepinfo>0</sleepinfo><jobowneridinfo></jobowneridinfo><jobownervaridinfo></jobownervaridinfo><negativelagtime>0</negativelagtime><dynduedate>0</dynduedate><dynduedatevar /><dyntargetdurationvar /><sendemail>0</sendemail><emailto>0</emailto><subjecttext></subjecttext><subjectvar></subjectvar><contenttext></contenttext><contentvar></contentvar><urltext></urltext><urlvar></urlvar><appendassocfile>0</appendassocfile><dotnet /><webservice /><activityinfo><useadvworkflowrules>0</useadvworkflowrules><seqactivityassignment>0</seqactivityassignment><concuractivityaccess>0</concuractivityaccess><noofusableresourcesreq>0</noofusableresourcesreq><exitcondition></exitcondition><expandgroups>0</expandgroups><noofusableresourcesreqvarid /></activityinfo><categoryid>E90C267DA7A04EB195D9F50B22152D18</categoryid><poolid>0</poolid><activityruntimesettings>0</activityruntimesettings><activityragamberthreshold>0</activityragamberthreshold><activityragredthreshold>0</activityragredthreshold><activityragblackthreshold>0</activityragblackthreshold><activityragpurplethreshold>0</activityragpurplethreshold><form /><xmldata /><dataaccess /><getresourceinfo /><jobvariableinfo /><baminfo /><bpescalations /><preconditionslist /><preconditiontext></preconditiontext><startmethod></startmethod><classnamespace></classnamespace><settingsxml>&lt;?xml version="1.0" encoding="utf-16"?&gt;
&lt;ValidationCaptureActivitySettings xmlns:xsd="http://www.w3.org/2001/XMLSchema" xmlns:xsi="http://www.w3.org/2001/XMLSchema-instance"&gt;
  &lt;ClassificationGroup&gt;
    &lt;Id&gt;B877AC9AA61C49A9867B338B4CA35011&lt;/Id&gt;
    &lt;Version&gt;0&lt;/Version&gt;
    &lt;Name&gt;RegFreeDllExample&lt;/Name&gt;
  &lt;/ClassificationGroup&gt;
  &lt;ProcessLevel xsi:nil="true" /&gt;
  &lt;ClassificationGroupLevel&gt;Process&lt;/ClassificationGroupLevel&gt;
  &lt;AllowCompleteActivityWithInvalidFields&gt;false&lt;/AllowCompleteActivityWithInvalidFields&gt;
  &lt;DefaultDisplayPageRendition&gt;-1&lt;/DefaultDisplayPageRendition&gt;
  &lt;InheritDocumentModifySettings&gt;true&lt;/InheritDocumentModifySettings&gt;
  &lt;AllowSplitMergeDeleteImportedDocument&gt;true&lt;/AllowSplitMergeDeleteImportedDocument&gt;
  &lt;AllowRotateReorderImportedImages&gt;true&lt;/AllowRotateReorderImportedImages&gt;
&lt;/ValidationCaptureActivitySettings&gt;</settingsxml><resetlimit>-1</resetlimit><activitytimedoutaction>0</activitytimedoutaction><suspendreasontext></suspendreasontext><suspendreasonvarid></suspendreasonvarid></activitydata></node><node><nodetype>6</nodetype><nodedata><processid>06CA162341D545E7BFDE1F265CF12A5F</processid><version>1.000000</version><nodeid>3</nodeid><isstartnode>0</isstartnode><nodetype>6</nodetype><designtimetype>0</designtimetype><activationprobability>100</activationprobability><embeddedname></embeddedname><state /><statescope>0</statescope><activitymilestone /><activitymilestonescope>0</activitymilestonescope><activitypendmilestone></activitypendmilestone><activitypendmilestonescope>0</activitypendmilestonescope><activitydonemilestone></activitydonemilestone><activitydonemilestonescope>0</activitydonemilestonescope><nodependevent /><nodependeventscope>0</nodependeventscope><nodedoneevent /><nodedoneeventscope>0</nodedoneeventscope><titleposno>5</titleposno><embeddedproccount>0</embeddedproccount><iscustomnode>0</iscustomnode><designtimesettings>&lt;designtimesettings&gt;&lt;xposition&gt;428&lt;/xposition&gt;&lt;yposition&gt;65&lt;/yposition&gt;&lt;width&gt;30&lt;/width&gt;&lt;height&gt;30&lt;/height&gt;&lt;inheritcolorfromsystem&gt;False&lt;/inheritcolorfromsystem&gt;&lt;colour&gt;#FF9B0000&lt;/colour&gt;&lt;eventtype&gt;Default&lt;/eventtype&gt;&lt;name&gt;End&lt;/name&gt;&lt;textposition&gt;CentreRight&lt;/textposition&gt;&lt;lane&gt;&lt;name&gt;Lane1&lt;/name&gt;&lt;index&gt;0&lt;/index&gt;&lt;poolid&gt;990A5EB151984CCC85FCD6DD17025B71&lt;/poolid&gt;&lt;height&gt;693.6&lt;/height&gt;&lt;/lane&gt;&lt;annotations /&gt;&lt;attachments /&gt;&lt;/designtimesettings&gt;</designtimesettings><attachments></attachments><annotations></annotations><dependants /><destinationnodes /><originnodes><originnode><nodeid>2</nodeid><nodetype>6</nodetype></originnode></originnodes><branchingrules /><runtimesettings>0</runtimesettings></nodedata></node></nodelist><documentprocessrulecollection /></processmap></processmaps>