<?xml version="1.0" encoding="utf-16"?>
<ArrayOfSessionVariable xmlns:xsd="http://www.w3.org/2001/XMLSchema" xmlns:xsi="http://www.w3.org/2001/XMLSchema-instance">
  <SessionVariable>
    <Identity>
      <Name>SESSION_ID</Name>
      <Id>161F8F818093437482D2886B7B6756BB</Id>
      <AutomaticallyPopulate>true</AutomaticallyPopulate>
    </Identity>
    <Description>The current Session Identifer.</Description>
    <Value />
    <IsLocalizable>false</IsLocalizable>
    <Category>
      <Id>201F370CA5164F76ADDD8EEEFF666AF7</Id>
      <AutomaticallyPopulate>true</AutomaticallyPopulate>
      <Name>Default Category</Name>
    </Category>
    <LastModifiedDateTime>2017-11-07T16:47:19.767</LastModifiedDateTime>
    <IsSecure>false</IsSecure>
  </SessionVariable>
  <SessionVariable>
    <Identity>
      <Name>WORKQUEUE_FORM</Name>
      <Id>1E70BD400456422DBFA431767DC6CB0F</Id>
      <AutomaticallyPopulate>true</AutomaticallyPopulate>
    </Identity>
    <Description>The Workqueue Form.</Description>
    <Value />
    <IsLocalizable>false</IsLocalizable>
    <Category>
      <Id>201F370CA5164F76ADDD8EEEFF666AF7</Id>
      <AutomaticallyPopulate>true</AutomaticallyPopulate>
      <Name>Default Category</Name>
    </Category>
    <LastModifiedDateTime>2020-02-27T10:07:57.467</LastModifiedDateTime>
    <IsSecure>false</IsSecure>
  </SessionVariable>
</ArrayOfSessionVariable>