<?xml version="1.0" encoding="utf-16"?>
<ArrayOfClassificationGroup xmlns:xsd="http://www.w3.org/2001/XMLSchema" xmlns:xsi="http://www.w3.org/2001/XMLSchema-instance">
  <ClassificationGroup>
    <Identity>
      <Id>B877AC9AA61C49A9867B338B4CA35011</Id>
      <Version>8</Version>
      <Name>RegFreeDllExample</Name>
    </Identity>
    <Name>RegFreeDllExample</Name>
    <Description />
    <Status>Released</Status>
    <IsShared>true</IsShared>
    <Category>
      <Id>E90C267DA7A04EB195D9F50B22152D18</Id>
      <AutomaticallyPopulate>true</AutomaticallyPopulate>
      <Name>Troubleshooting</Name>
    </Category>
    <DocumentGroups>
      <DocumentGroupIdentity>
        <Id>B877AC9AA61C49A9867B338B4CA35011</Id>
        <Version>8</Version>
        <Name>RegFreeDllExample</Name>
      </DocumentGroupIdentity>
    </DocumentGroups>
    <LastModifiedDate>2023-04-03T18:18:11.867</LastModifiedDate>
    <LastModifiedUser>
      <Id>43D41D0102D04C59A6D3D9324072A9F2</Id>
      <AutomaticallyPopulate>true</AutomaticallyPopulate>
      <ResourceType>Worker</ResourceType>
      <EmailAddress />
      <UserId />
    </LastModifiedUser>
    <LockedByModule>None</LockedByModule>
    <ClassificationOnlineLearningEnabled>false</ClassificationOnlineLearningEnabled>
    <ClassificationMaxDocCount>2000</ClassificationMaxDocCount>
    <ResourceAccessTokens>
      <ResourceAccess>
        <ResourceIdentity>
          <Id>7DF43CCDF24611D2804B00104B71BD15</Id>
          <AutomaticallyPopulate>true</AutomaticallyPopulate>
          <Name>Everyone</Name>
          <ResourceType>GroupOfWorkers</ResourceType>
          <EmailAddress />
          <UserId />
        </ResourceIdentity>
        <AccessType>MaintenanceAccess</AccessType>
        <PermissionType>FullControl</PermissionType>
      </ResourceAccess>
    </ResourceAccessTokens>
    <ResourcePermissionType>NoAccess</ResourcePermissionType>
  </ClassificationGroup>
</ArrayOfClassificationGroup>