<?xml version="1.0" encoding="utf-16"?>
<ArrayOfProjectInfo xmlns:xsd="http://www.w3.org/2001/XMLSchema" xmlns:xsi="http://www.w3.org/2001/XMLSchema-instance">
  <ProjectInfo>
    <Identity>
      <Id>B877AC9AA61C49A9867B338B4CA35011</Id>
      <Version>8</Version>
      <Name>RegFreeDllExample</Name>
    </Identity>
    <Category>
      <Id>E90C267DA7A04EB195D9F50B22152D18</Id>
      <AutomaticallyPopulate>true</AutomaticallyPopulate>
      <Name />
    </Category>
    <Name>RegFreeDllExample</Name>
    <Description />
    <Status>Released</Status>
    <LastModifiedProjectFile>2023-04-03T18:18:11.867</LastModifiedProjectFile>
    <LastModifiedProjectFolderZip>2023-04-03T18:18:11.867</LastModifiedProjectFolderZip>
    <LastModifiedUser>
      <Id>43D41D0102D04C59A6D3D9324072A9F2</Id>
      <AutomaticallyPopulate>true</AutomaticallyPopulate>
      <Name />
      <ResourceType>Worker</ResourceType>
      <EmailAddress />
      <UserId />
    </LastModifiedUser>
    <OnlineLearningFolderId />
    <ProjectType>Shared</ProjectType>
    <IsOnlineLearningEnabled>false</IsOnlineLearningEnabled>
    <IsSeparationEnabled>false</IsSeparationEnabled>
    <LockedByModule>None</LockedByModule>
    <IsSimpleProject>false</IsSimpleProject>
    <TrainingSetPath />
    <UsedLicenseFeatures>None</UsedLicenseFeatures>
    <ConfigurationSet>&lt;?xml version="1.0" encoding="utf-8"?&gt;
&lt;ConfigSetFile xmlns:xsi="http://www.w3.org/2001/XMLSchema-instance" xmlns:xsd="http://www.w3.org/2001/XMLSchema"&gt;
  &lt;Name&gt;DefaultTAConfigSet&lt;/Name&gt;
  &lt;Groups&gt;
    &lt;ConfigSetGroup&gt;
      &lt;Name&gt;OnlineLearning&lt;/Name&gt;
      &lt;Objects /&gt;
      &lt;Properties&gt;
        &lt;ConfigSetProperty&gt;
          &lt;Name&gt;Path&lt;/Name&gt;
          &lt;Value /&gt;
          &lt;Index&gt;0&lt;/Index&gt;
        &lt;/ConfigSetProperty&gt;
      &lt;/Properties&gt;
    &lt;/ConfigSetGroup&gt;
  &lt;/Groups&gt;
&lt;/ConfigSetFile&gt;</ConfigurationSet>
    <IsReadOnly>false</IsReadOnly>
    <DoUpgrade>false</DoUpgrade>
    <CustomVersion>0</CustomVersion>
    <IsLimitedToOnlineLearning>false</IsLimitedToOnlineLearning>
  </ProjectInfo>
</ArrayOfProjectInfo>